old_commit,new_commit,tree
dcda49a04beca24e2aa68b3d48902bfa4cca1d24,33d77d1b209050fcf7f3f8b803717b97b656a7ea,e41633f64a6e63fd7dcb443bfa38a658c46d4609
6d707a329239777a7bebed8375e702b5e77ddb72,f7b4206ba45ee888df7ed289e57478817e6f79c8,fcdecd5213d476c87e64156b769721aacc9fed30
620213e56866bf83c9f16207a1b8e79654ede03c,e94c4590776328e069120d64008baa4b54640eae,1b93a3cbec9418ab79d9e51d5f85957e57c4feec
6865b6521142338c6812ce6a9f6414349321ff25,b15f9846c66b76d2f48caac33ff5c11764833a15,9641cec4be8e1de95ff22f91b9c74b56cd9704e7
fa08a5207d197a3f82ced7913a67bc448c8ecacc,dc77465872206f979368859cf7ed5fed89e1a4c0,594e149841d4498fdeb99b9fb4917a623d2037c2
905cc79ce20e65fe5b673039d4e411db73cd7544,a4c74cd9ce141d1291437ba602f5f330442d9241,0b5f21920a4fe0ca92ed4950982b08f7273d0518
ad9bed2dfd33a7b0e0a6e4050eafc031b1726f3e,3e692c6ff6361aa725461bccbbc7791da4d7eab5,13f5ac08d402be18239a848a4bd1aece1c35cda6
06b0fe8587aca7b781281974f6377433e30ceb05,80ee4ca4a9d79d94bfb8371c1a4c2f53cf074d0a,3590cf865b8e0af1f8bddac1e8ad6f2a3cee2e81
2816e38f4dd1f56699e934130a71f531777c71a0,34c57c5d5964ae130270190981cd19d360fa6d6b,4669b611339cb0903d6e006ddec8cf2a99df1207
e2ff8926f4ac4b432c4d6acf8fbc1cd42c93a0f2,0c3b1e3000ebdbda70a3be571ea93aad3a832e9d,47db522af7079eb4bd06375782afeef00577d65d
b668cbbc98a38d04faccb72af21d76d818095914,d094cd5649eaffb36842968f789db54ca611dd0c,3d3fa57c19bae4bf1d5b0ad03e2b0ab33056e7c1
c6a6904bf2ff5bbfe136e36ed0c8c73e4fa3e74d,92158501e867fb6e7d40d4ac0b30636c32748304,16d6b1d2c566c488d77f746658b3e08b55d966bf
8e1fe0cac8dcaf3c44ffc20ecbd97bd5cdd246e1,037ec16d0222a6e84c97ddab15fba7864457aff6,d4569ecd7ca69afa8cd776d52416bba57dbf8ba4
33220cfeee0ffc262b523adac1bff64dc5a624dc,46dc1d888c319eda9e78a40ac54ed5aef815369e,8609038b8ed9a2ae18d0d6b0c96421a2adc84cf2
5e0076fb1649565389ccfe96f8e459bfef67717a,2ace4a96583797e7d41d0d3c5ea8339308c5e0b3,b675dd5a53b0853bba5451e63ba58e8f4d59da3c
8b5ede900ae27b7bf73e586c0b4798a225dc2fa2,d06717c02e74119db4a426824c206a5298f45faa,af91f44957db529cca3a2ec49925fc6140418cc4
5c6e1ff8da6613f5056b8d7931ae80ae65ace77f,b8fde2fc429d2b4d781124760a2201ce2e0fbc9e,27a862c2e49b976a3dfc76376a1bbb1bff1fdbcd
ef729c093e162f4d6ebd797c95a9da8072ac968a,90699b898a55a9c29f61e01181b8d688ab08b702,655e4de8e3ddb3baf4b2aa72f69f2536e429a42d
c0c2617c80cf0d4a5196661b94b916c54c5a5e21,86f18893f9ecd831a3e54ef5bf84e6742495dab9,28c186d0b6370dbeeb29091136b3fbcb434a57ba
455e1ae99d2f20889cef219296dbd90bc7c2d8b1,218710803c44ac9b454164b6d61f01b2bbad5694,57b5968a7884b10241d84aeabaeb2114af82433f
428a40582711885e15b68c68af7e37b175c3f974,cfce5ef92bd92ceffa3e6d2daa35688990cc89af,2a02488733bf65e895434486194ac07d7a000e5f
b4f0b14683e4e92cfb43ccd91a40cf95746fecba,1c4f3918c590fc2c40e860992d74ea8a8657533e,6f9fda8bb78936828cd9ea068cc990c59b7bdb6d
53a2ddaa01d13d243e126090270a573195cc9607,0ba50dfa86fa8509307869a0d93c4e9ac24377dd,650fb576bff70191f3310d0ef1cfb73d21eb8758
810591e6a77956a49dfef5de1d4a2274fefe9e07,6476292d998185e6433e62dd2dff9a4c35afd837,b17413105287bacabd1388b25e7cf82e5c8b2a90
939409aa0586bf9aa9b299c697cd5fa4b3dfd679,fa556bafe64fbf90a010ff04347e60c5d5da3b5f,3736e0fcdeb15b7afc48176d55f996c84723a012
ee973a63a3124ce730ec5c0fb4be8b3abb816060,8a2d5c131ce7ff5748a1cebe31ecb37006137039,e21602b6d0e526da583b30ed8b26ea233cf9bc9a
